net,length_um
net2,1.12812mm
net5,602.06µm
acc_reg\[4\],452.505µm
my_mul.x2\[6\],435.17µm
acc_reg\[3\],405.415µm
acc_reg\[5\],372.805µm
_0364_,298.17µm
clknet_0_clk,295.355µm
acc_reg\[2\],293.385µm
my_mul.x2\[5\],280.44µm
my_mul.x2\[3\],279.52µm
acc_reg\[1\],266.515µm
my_sum_sub.state\[2\],260.78µm
acc_reg\[6\],257.335µm
my_mul.x2\[4\],252.32µm
_0604_,233.23µm
my_mul.x2\[2\],231.99µm
acc_reg\[0\],228.885µm
state\[4\],222.915µm
_0504_,222.67µm
clknet_4_0_0_clk,219.51µm
_0623_,215.32µm
my_mul.x2\[1\],206.3µm
_0972_,204.875µm
_1064_,200.305µm
_1090_,198.13µm
_0630_,192.365µm
_0974_,192.03µm
_1097_,191.76µm
net280,188.09µm
_1088_,186.78µm
my_mul.x2\[0\],185.76µm
_0500_,182.895µm
_1055_,179.435µm
_1100_,175.475µm
_1099_,170.41µm
clknet_4_2_0_clk,170.15µm
_0973_,169.86µm
clknet_4_7_0_clk,167.78µm
net127,162.9µm
_0650_,159.355µm
_0637_,157.445µm
clknet_4_1_0_clk,154.56µm
_0606_,153.13µm
clknet_4_14_0_clk,150.28µm
_0643_,147.865µm
clk,145.95µm
clknet_4_15_0_clk,144.035µm
_0546_,136.55µm
my_sum_sub.al_b_larger,134.08µm
clknet_4_13_0_clk,132.76µm
net88,132.5µm
_0659_,131.525µm
my_mul.x2\[8\],128.145µm
clknet_4_5_0_clk,126.5µm
_1153_,123.915µm
my_mul.x2\[11\],123.08µm
_0667_,117.285µm
_0658_,117.12µm
_0368_,117.04µm
_1057_,116.83µm
acc_reg\[7\],116.705µm
_0668_,116.515µm
_0958_,115.975µm
my_mul.x2\[7\],115.97µm
my_sum_sub.cm_mant\[5\],114.04µm
net282,113.9µm
_0969_,113.51µm
_0971_,113.39µm
my_mul.x2\[9\],112.58µm
_0675_,110.635µm
_0506_,109.68µm
_1002_,108.13µm
my_sum_sub.cm_mant\[7\],107.655µm
_0676_,107.34µm
_0828_,106.82µm
net110,106.305µm
acc_reg\[9\],106.02µm
_1091_,105.72µm
_0607_,105.42µm
net252,105.22µm
_0608_,104.6µm
shift_out\[0\],104.38µm
net105,102.28µm
acc_reg\[8\],99.96µm
my_mul.x2\[12\],96.99µm
clknet_4_6_0_clk,96.965µm
my_mul.x2\[10\],96.045µm
net97,94.085µm
my_sum_sub.cm_mant\[6\],93.84µm
_1060_,93.64µm
net123,93.605µm
_0908_,92.995µm
net92,91.04µm
net190,90.72µm
clknet_4_11_0_clk,89.92µm
net262,88.07µm
clknet_4_4_0_clk,88.06µm
_0852_,87.34µm
acc_reg\[10\],86.745µm
_0970_,86.62µm
acc_reg\[11\],85.945µm
_1183_,85.86µm
_0465_,84.72µm
net158,84.6µm
net235,83.36µm
ss_s1,80.72µm
clknet_4_3_0_clk,80.28µm
_1420_,80.02µm
net133,79.22µm
clknet_4_9_0_clk,78.6µm
_1084_,77.74µm
acc_reg\[13\],77.665µm
_0490_,77.66µm
my_sum_sub.state\[1\],77.62µm
_0407_,77.1µm
_0501_,76.9µm
_0480_,76.28µm
net249,76.27µm
_0826_,75.26µm
_0948_,75.1µm
_0681_,75.06µm
my_sum_sub.cm_mant\[4\],74.54µm
_0485_,74.5µm
_0445_,72.95µm
net100,72.4µm
_0475_,72.24µm
_0769_,72.16µm
my_sum_sub.al_sa,72µm
net274,71.5µm
_0799_,71.11µm
_0616_,71µm
_1053_,70.46µm
_0770_,70.16µm
clknet_4_8_0_clk,69.87µm
net157,69.63µm
_0470_,67.94µm
my_mul.x2\[13\],67.68µm
clknet_4_12_0_clk,67.38µm
_1423_,66.53µm
_0622_,64.32µm
_0498_,63.72µm
net176,63.72µm
my_sum_sub.cm_mant\[3\],63.38µm
_0921_,62.94µm
net8,62.855µm
_0495_,62.62µm
_1093_,62.135µm
net193,61.56µm
_0964_,61µm
_0759_,60.12µm
acc_reg\[14\],59.965µm
clknet_4_10_0_clk,59.74µm
_0720_,59.25µm
my_sum_sub.state\[3\],58.8µm
my_mul.x2\[14\],58.69µm
_0564_,58.6µm
_0765_,58.22µm
_0900_,58.04µm
my_sum_sub.cm_exp\[1\],57.82µm
my_sum_sub.result\[15\],57.68µm
_0894_,56.68µm
my_sum_sub.cm_mant\[8\],56.68µm
my_sum_sub.cm_mant\[2\],56.42µm
_1112_,55.94µm
_0857_,55.48µm
_0439_,54.78µm
net191,54.44µm
net170,54.02µm
my_sum_sub.cm_exp\[6\],53.98µm
acc_reg\[12\],53.845µm
_0397_,53.84µm
_0798_,53.38µm
net202,52.28µm
net148,51.2µm
acc_reg\[15\],50.88µm
net247,49.4µm
_1069_,49.25µm
_0967_,49.24µm
net179,49.2µm
state\[2\],49µm
_0618_,48.98µm
my_sum_sub.cm_exp\[0\],48.9µm
_1137_,48.81µm
_0730_,48.62µm
_1147_,48.1µm
_0628_,48.08µm
_0861_,47.66µm
my_divider.en_r,47.34µm
_0966_,47.125µm
net169,46.9µm
_1107_,46.77µm
_1489_,46.76µm
_0961_,46.74µm
_1062_,45.89µm
_0909_,45.16µm
_0456_,44.8µm
_1425_,44.58µm
_0743_,44.38µm
_0409_,44.1µm
net20,43.66µm
_0880_,43.5µm
_0742_,43.345µm
_0433_,43.06µm
_0820_,42.94µm
_0802_,42.84µm
_1422_,42.74µm
_1089_,41.4µm
_1427_,41.18µm
net78,41.01µm
net237,40.9µm
_0928_,40.76µm
_0486_,40.74µm
net161,40.7µm
_0761_,40.54µm
my_divider.divisor_reg\[4\],39.98µm
_0800_,39.91µm
_0854_,39.58µm
net273,39.57µm
_0612_,39.22µm
net10,38.98µm
_0476_,38.84µm
net24,38.54µm
op_reg\[0\],38.35µm
net53,38.35µm
_1087_,38.22µm
net257,37.87µm
_1152_,37.76µm
net117,37.14µm
_0956_,36.78µm
_0702_,36.72µm
_0481_,36.66µm
net48,36.65µm
net119,36.62µm
state\[5\],36.36µm
_0815_,36.24µm
my_mul.x2\[15\],36.2µm
net216,36.07µm
_0491_,35.86µm
_0954_,35.84µm
_0942_,35.4µm
net150,35.4µm
_1474_,35.2µm
_0986_,34.92µm
_0442_,34.88µm
_0762_,34.68µm
_1141_,34.56µm
_1116_,34.4µm
_0871_,34.34µm
_0879_,34.34µm
_0466_,34.3µm
_0793_,34.22µm
net103,34µm
net37,33.65µm
_0867_,33.64µm
_0953_,33.58µm
_1467_,33.56µm
_0721_,33.46µm
net254,33.4µm
_0804_,33.38µm
my_sum_sub.cm_mant\[1\],33.26µm
net113,32.98µm
_0703_,32.97µm
_0728_,32.9µm
_1479_,31.88µm
net106,31.84µm
net211,31.83µm
my_divider.divisor_reg\[5\],31.62µm
_1478_,31.24µm
_0416_,31.16µm
_0707_,31.12µm
_0471_,31.1µm
my_sum_sub.al_ma\[0\],31.08µm
net182,31.06µm
_0379_,31.04µm
_0779_,30.96µm
_0836_,30.74µm
_1140_,30.68µm
net196,30.58µm
_0415_,30.32µm
_0382_,30.28µm
_1017_,30.28µm
_1473_,30.16µm
_0810_,30.06µm
my_mul.reg1en.q\[0\],29.98µm
_0905_,29.94µm
my_divider.remainder_reg\[4\],29.84µm
_0748_,29.785µm
my_sum_sub.cm_exp\[2\],29.52µm
_1463_,29.4µm
my_sum_sub.al_ma\[5\],29.38µm
_0776_,29.36µm
net98,29.34µm
_0412_,29.26µm
op_reg\[2\],29.24µm
_0910_,29.14µm
_0887_,29.04µm
_1437_,28.8µm
net284,28.68µm
_1492_,28.67µm
_0453_,28.4µm
_0360_,28.36µm
_0426_,28.36µm
_0641_,28.32µm
net279,28.28µm
net34,28.11µm
_0736_,28.08µm
net213,28.075µm
_0359_,27.98µm
_0725_,27.98µm
_0929_,27.8µm
_0522_,27.71µm
_0373_,27.69µm
my_divider.remainder_reg\[2\],27.68µm
_0633_,27.66µm
_0369_,27.64µm
_0844_,27.6µm
_0912_,27.54µm
_1098_,27.52µm
my_sum_sub.al_mb\[6\],27.18µm
my_sum_sub.al_ma\[1\],26.775µm
_1065_,26.61µm
_0734_,26.6µm
_1136_,26.46µm
_0680_,26.36µm
_0469_,26.22µm
my_sum_sub.cm_exp\[5\],26.22µm
my_divider.counter\[0\],26.2µm
_0000_,26.18µm
_1067_,26.06µm
_0418_,26.04µm
_0705_,25.94µm
my_sum_sub.al_ma\[4\],25.9µm
net168,25.6µm
net207,25.6µm
_0885_,25.585µm
net239,25.58µm
net18,25.5µm
_0538_,25.46µm
net4,25.4µm
net229,25.4µm
_0425_,25.365µm
net194,25.36µm
net68,25.3µm
_1150_,24.91µm
_0862_,24.86µm
_0674_,24.8µm
my_sum_sub.al_ma\[2\],24.78µm
my_sum_sub.al_ma\[7\],24.76µm
_0827_,24.72µm
_0361_,24.62µm
net112,24.5µm
_0723_,24.46µm
_0611_,24.395µm
_1488_,24.24µm
div_quotient\[4\],24.14µm
_0499_,24.1µm
_0855_,24.1µm
my_sum_sub.cm_mant\[0\],23.955µm
net83,23.92µm
net173,23.8µm
my_divider.remainder_reg\[7\],23.68µm
my_sum_sub.al_exp\[5\],23.56µm
_0755_,23.52µm
_0438_,23.46µm
_1086_,23.44µm
my_divider.divisor_reg\[7\],23.44µm
my_sum_sub.operation,23.44µm
net209,23.39µm
_1380_,23.38µm
my_sum_sub.al_mb\[0\],23.34µm
my_sum_sub.cm_exp\[7\],23.34µm
net125,23.3µm
_1155_,23.28µm
my_sum_sub.al_ma\[6\],23.28µm
_1447_,23.14µm
_0731_,23.02µm
_0904_,22.92µm
_1092_,22.78µm
_1182_,22.72µm
_1471_,22.64µm
_1448_,22.6µm
_0919_,22.58µm
_0679_,22.5µm
_0989_,22.46µm
_0662_,22.42µm
net223,22.36µm
_0939_,22.32µm
_0843_,22.24µm
_0542_,22.2µm
_1249_,22.18µm
_1126_,22.04µm
net64,22.02µm
_1040_,21.96µm
net115,21.86µm
_0849_,21.8µm
net14,21.78µm
net95,21.64µm
_0496_,21.58µm
_0390_,21.46µm
_0543_,21.46µm
state\[3\],21.38µm
_1469_,21.22µm
_0941_,21.18µm
_1375_,21.16µm
_1033_,21.14µm
_0444_,21.08µm
shift_in\[3\],21.08µm
_1391_,21.06µm
net232,20.98µm
_0365_,20.96µm
my_sum_sub.start,20.96µm
net231,20.86µm
shift_in\[1\],20.85µm
net163,20.8µm
_0651_,20.76µm
_1132_,20.75µm
my_sum_sub.al_exp\[4\],20.74µm
_1446_,20.72µm
my_divider.divisor_reg\[6\],20.66µm
_0451_,20.64µm
_0646_,20.64µm
_0893_,20.62µm
_0926_,20.6µm
_1435_,20.6µm
_0877_,20.58µm
my_divider.counter\[1\],20.5µm
my_sum_sub.cm_exp\[3\],20.46µm
_1096_,20.44µm
_0816_,20.4µm
_1269_,20.24µm
net200,20.22µm
_0992_,20.2µm
net129,20.08µm
_0835_,20.04µm
my_sum_sub.cm_exp\[4\],20.04µm
my_divider.remainder_reg\[6\],20µm
net214,20µm
_0955_,19.94µm
_1462_,19.715µm
_0601_,19.7µm
_0882_,19.7µm
_0540_,19.64µm
_0754_,19.62µm
_1277_,19.62µm
net101,19.56µm
_0962_,19.5µm
_0432_,19.44µm
net167,19.34µm
_0450_,19.28µm
_1464_,19.24µm
_0831_,19.2µm
_0544_,19.12µm
_0744_,19.1µm
net305,19.06µm
bit_count\[0\],19.02µm
_0838_,18.98µm
net187,18.975µm
_0787_,18.96µm
net91,18.96µm
_0752_,18.82µm
_0753_,18.82µm
_1025_,18.82µm
_0288_,18.8µm
_0559_,18.8µm
_0528_,18.78µm
_1461_,18.76µm
net171,18.76µm
my_sum_sub.done,18.68µm
_1449_,18.66µm
_1346_,18.58µm
_0386_,18.52µm
net159,18.52µm
_0454_,18.48µm
_0883_,18.4µm
_1274_,18.4µm
op_reg\[1\],18.38µm
net33,18.33µm
_1075_,18.28µm
_0839_,18.22µm
_0282_,18.2µm
_0819_,18.19µm
_1052_,18.18µm
_0935_,18.12µm
my_divider.remainder_reg\[5\],18.1µm
_0864_,18.04µm
_1485_,18.02µm
_1205_,18.015µm
_1042_,17.98µm
_1328_,17.98µm
net81,17.96µm
_0746_,17.94µm
_0775_,17.94µm
_0866_,17.94µm
shift_in\[2\],17.93µm
net156,17.9µm
_0648_,17.82µm
_0654_,17.82µm
_0916_,17.82µm
_0298_,17.8µm
_0372_,17.8µm
_0704_,17.78µm
_0786_,17.78µm
_0366_,17.68µm
_0947_,17.675µm
_0715_,17.64µm
_0642_,17.56µm
my_divider.divisor_reg\[0\],17.54µm
_0458_,17.5µm
_1221_,17.5µm
_0760_,17.48µm
net121,17.46µm
_1045_,17.4µm
_1379_,17.355µm
_1426_,17.32µm
_0789_,17.28µm
_1206_,17.24µm
_1105_,17.16µm
_1432_,17.16µm
_1036_,17.08µm
_0784_,16.94µm
net138,16.94µm
_0983_,16.92µm
net154,16.865µm
_1298_,16.86µm
_1455_,16.84µm
net15,16.84µm
_1457_,16.78µm
_1325_,16.72µm
_0428_,16.7µm
shift_out\[6\],16.7µm
_0613_,16.68µm
_0625_,16.68µm
_1300_,16.68µm
_0795_,16.64µm
_0876_,16.64µm
_0737_,16.58µm
_0994_,16.58µm
_0918_,16.54µm
_0872_,16.52µm
_0452_,16.48µm
_0532_,16.46µm
_1131_,16.44µm
_0398_,16.41µm
_1119_,16.395µm
_0818_,16.38µm
shift_out\[11\],16.36µm
_0931_,16.34µm
_0424_,16.26µm
net291,16.22µm
_1076_,16.18µm
_0626_,16.14µm
_0560_,16.1µm
net85,16.08µm
_0850_,16.02µm
_0917_,16.02µm
_1122_,16.02µm
_1058_,15.96µm
_1477_,15.94µm
_0938_,15.88µm
_1135_,15.88µm
_1110_,15.86µm
_0509_,15.84µm
_1176_,15.8µm
_0842_,15.79µm
net152,15.78µm
_0436_,15.7µm
_0619_,15.67µm
_1196_,15.64µm
_0446_,15.6µm
_0829_,15.6µm
_0529_,15.56µm
_1357_,15.44µm
_0408_,15.425µm
_0396_,15.38µm
_0545_,15.38µm
_0200_,15.36µm
_0996_,15.34µm
_0272_,15.32µm
_0513_,15.28µm
_0791_,15.26µm
_1468_,15.26µm
div_quotient\[5\],15.26µm
_0980_,15.24µm
_0516_,15.22µm
net12,15.22µm
_0706_,15.2µm
_0733_,15.185µm
net219,15.14µm
_0624_,15.08µm
net49,15.08µm
_0840_,15.07µm
_0461_,15.06µm
_1085_,15.035µm
net146,15µm
net278,14.98µm
_0493_,14.92µm
_0673_,14.92µm
_1326_,14.9µm
my_divider.divisor_reg\[1\],14.9µm
_1180_,14.87µm
_0907_,14.86µm
_1165_,14.845µm
_1035_,14.82µm
_1120_,14.8µm
_0772_,14.78µm
net96,14.76µm
_0739_,14.745µm
_0890_,14.68µm
_1252_,14.68µm
_0571_,14.64µm
_0913_,14.64µm
_0561_,14.62µm
net13,14.6µm
_0605_,14.56µm
_0531_,14.46µm
_1195_,14.46µm
_0291_,14.42µm
_0747_,14.42µm
_1290_,14.4µm
_0525_,14.38µm
_0865_,14.38µm
_1353_,14.38µm
net258,14.36µm
_1095_,14.32µm
_0511_,14.3µm
_1444_,14.3µm
_1223_,14.24µm
my_sum_sub.al_mb\[7\],14.22µm
_0558_,14.18µm
_0995_,14.18µm
_0166_,14.17µm
_0993_,14.12µm
_0638_,14.1µm
_1072_,14.06µm
my_sum_sub.al_exp\[0\],14.04µm
net16,14µm
_0515_,13.99µm
net276,13.98µm
_1074_,13.97µm
_1382_,13.96µm
_0790_,13.92µm
shift_out\[15\],13.88µm
_1399_,13.86µm
_0682_,13.85µm
_0952_,13.84µm
_1336_,13.78µm
_1317_,13.76µm
_1386_,13.7µm
net281,13.68µm
_0569_,13.66µm
_0796_,13.66µm
state\[0\],13.65µm
_1476_,13.62µm
_0933_,13.6µm
_0402_,13.57µm
_0666_,13.54µm
_0930_,13.54µm
net217,13.52µm
_0448_,13.5µm
_0635_,13.5µm
_1487_,13.48µm
net51,13.48µm
my_sum_sub.al_exp\[6\],13.46µm
div_quotient\[0\],13.44µm
_0603_,13.42µm
net165,13.38µm
_0853_,13.22µm
net11,13.22µm
_0236_,13.2µm
_0330_,13.2µm
_0685_,13.2µm
_0987_,13.16µm
my_divider.remainder_reg\[3\],13.16µm
net225,13.16µm
_1307_,13.155µm
_0823_,13.15µm
net66,13.12µm
_0258_,13.1µm
_1299_,13.1µm
_0923_,13.08µm
_0801_,13.06µm
_0837_,13.04µm
_0527_,13µm
_1083_,12.98µm
_1268_,12.98µm
_0699_,12.94µm
_0749_,12.88µm
div_start,12.84µm
_1470_,12.8µm
_1393_,12.76µm
_0536_,12.74µm
_0824_,12.72µm
_1079_,12.72µm
_1308_,12.72µm
_0656_,12.7µm
net35,12.68µm
_0782_,12.62µm
_1316_,12.6µm
_1371_,12.6µm
net318,12.58µm
_0403_,12.54µm
_0869_,12.54µm
_0537_,12.42µm
ss_s0,12.39µm
_1318_,12.38µm
net42,12.38µm
net89,12.36µm
_1237_,12.34µm
_0774_,12.32µm
_0868_,12.32µm
_0896_,12.3µm
_0411_,12.28µm
_0523_,12.27µm
_0521_,12.26µm
_0517_,12.24µm
net224,12.24µm
_0443_,12.225µm
_0709_,12.22µm
_1041_,12.22µm
my_sum_sub.al_mb\[2\],12.22µm
_1034_,12.16µm
_1127_,12.16µm
_1411_,12.16µm
_0925_,12.08µm
_0242_,12.04µm
_0374_,12.04µm
_0714_,12.02µm
_0936_,11.94µm
_0832_,11.92µm
_1049_,11.9µm
_0514_,11.86µm
_0231_,11.84µm
_0329_,11.82µm
_0822_,11.78µm
_1243_,11.78µm
_1242_,11.76µm
my_sum_sub.result\[13\],11.74µm
_1408_,11.72µm
_0477_,11.7µm
_0494_,11.7µm
_1297_,11.7µm
_0903_,11.68µm
_0713_,11.66µm
_0780_,11.66µm
_1160_,11.66µm
net134,11.66µm
_0122_,11.65µm
_0845_,11.62µm
net44,11.62µm
_0717_,11.58µm
_0763_,11.58µm
_1428_,11.58µm
net79,11.58µm
_0391_,11.54µm
_1168_,11.52µm
_0367_,11.515µm
_0510_,11.5µm
_1431_,11.5µm
net17,11.46µm
_0460_,11.44µm
_0155_,11.43µm
_0847_,11.42µm
_1181_,11.42µm
my_sum_sub.result\[14\],11.42µm
_1032_,11.4µm
_0239_,11.38µm
_1294_,11.375µm
_0751_,11.37µm
_0340_,11.36µm
_0814_,11.34µm
_1410_,11.34µm
_0292_,11.32µm
shift_out\[12\],11.32µm
net19,11.32µm
_1385_,11.3µm
_0289_,11.28µm
_0347_,11.28µm
_1142_,11.28µm
_1059_,11.26µm
_1231_,11.26µm
_0199_,11.22µm
_0534_,11.22µm
_1121_,11.22µm
net292,11.2µm
_0414_,11.18µm
_0757_,11.16µm
net108,11.16µm
_0404_,11.12µm
_1194_,11.12µm
_0750_,11.08µm
_1451_,11.06µm
_0435_,11.02µm
_1338_,11µm
_1178_,10.96µm
_1138_,10.95µm
_0539_,10.94µm
_1125_,10.94µm
_1364_,10.94µm
_1429_,10.94µm
my_sum_sub.al_sb_eff,10.92µm
_0331_,10.9µm
_0575_,10.9µm
_1043_,10.9µm
_1068_,10.9µm
my_sum_sub.al_exp\[1\],10.9µm
shift_in\[8\],10.86µm
net1,10.86µm
_0671_,10.84µm
_0830_,10.84µm
_0881_,10.82µm
_1134_,10.82µm
_1388_,10.8µm
_0001_,10.78µm
_0920_,10.78µm
_1130_,10.78µm
net124,10.78µm
net317,10.78µm
_0300_,10.76µm
_0797_,10.74µm
_0332_,10.68µm
_0632_,10.66µm
_1201_,10.66µm
_0553_,10.64µm
_0781_,10.635µm
_0541_,10.62µm
_0805_,10.62µm
_0535_,10.58µm
_0401_,10.565µm
_1442_,10.56µm
_1337_,10.555µm
_0051_,10.54µm
my_mul.reg1en.d\[0\],10.54µm
_0524_,10.52µm
_0960_,10.505µm
_0614_,10.46µm
_1094_,10.46µm
_0639_,10.44µm
_0924_,10.44µm
_1260_,10.44µm
net180,10.44µm
_1370_,10.42µm
_0549_,10.4µm
my_sum_sub.al_mb\[5\],10.38µm
_0649_,10.34µm
_1324_,10.34µm
_0274_,10.32µm
_1454_,10.32µm
my_sum_sub.cm_sign,10.32µm
_0170_,10.3µm
net218,10.285µm
_0459_,10.28µm
_0951_,10.28µm
_1238_,10.28µm
net30,10.28µm
net46,10.28µm
net309,10.28µm
shift_out\[3\],10.24µm
net56,10.24µm
_0813_,10.2µm
_1213_,10.18µm
_1355_,10.18µm
_1475_,10.18µm
net285,10.18µm
net308,10.18µm
_1200_,10.16µm
_1209_,10.16µm
_0572_,10.14µm
_0482_,10.12µm
_1434_,10.12µm
_0870_,10.08µm
_1480_,10.08µm
_1173_,10.06µm
_0716_,10.04µm
_1226_,10.04µm
_0806_,10.02µm
_1312_,10µm
_0067_,9.98µm
_0216_,9.98µm
_0351_,9.98µm
_0979_,9.98µm
_1254_,9.96µm
net22,9.955µm
_0660_,9.94µm
_1250_,9.94µm
net77,9.94µm
_1082_,9.92µm
_1218_,9.92µm
_0263_,9.9µm
net297,9.9µm
_1146_,9.86µm
_0203_,9.84µm
_1056_,9.84µm
net104,9.825µm
_1235_,9.8µm
my_divider.remainder_reg\[0\],9.8µm
_0007_,9.78µm
_0741_,9.78µm
_1340_,9.76µm
_0785_,9.74µm
_1070_,9.74µm
_1362_,9.74µm
_1406_,9.74µm
_1063_,9.7µm
_0430_,9.66µm
_1367_,9.66µm
_0726_,9.62µm
_1465_,9.62µm
_0665_,9.6µm
_0071_,9.58µm
_1047_,9.54µm
_1207_,9.54µm
_0138_,9.52µm
_0803_,9.5µm
_1073_,9.5µm
_1284_,9.5µm
_0399_,9.48µm
_0740_,9.48µm
net220,9.48µm
_1222_,9.46µm
_0526_,9.44µm
my_sum_sub.result\[4\],9.44µm
_0110_,9.43µm
net26,9.43µm
_0807_,9.42µm
_1272_,9.4µm
_1164_,9.38µm
_1321_,9.38µm
_0886_,9.36µm
_1161_,9.36µm
miso,9.3µm
my_divider.divisor_reg\[3\],9.28µm
_0089_,9.26µm
_1244_,9.24µm
_0555_,9.22µm
_1163_,9.22µm
_0727_,9.2µm
_0457_,9.18µm
_0991_,9.18µm
_1005_,9.16µm
_1157_,9.15µm
_1159_,9.14µm
_1412_,9.14µm
_0073_,9.13µm
_0556_,9.1µm
_0600_,9.04µm
_1211_,9.04µm
_1481_,9.04µm
_0552_,9.02µm
_1261_,9.02µm
net7,9.02µm
_0126_,9.01µm
_0348_,8.98µm
_1037_,8.98µm
my_sum_sub.al_exp\[2\],8.98µm
_1374_,8.96µm
my_sum_sub.result\[8\],8.96µm
net221,8.96µm
_1109_,8.94µm
net178,8.94µm
_1287_,8.92µm
_0248_,8.88µm
_1162_,8.88µm
_0384_,8.86µm
_0788_,8.86µm
_0811_,8.86µm
_0888_,8.86µm
_0256_,8.84µm
_1117_,8.82µm
_1248_,8.82µm
_1383_,8.82µm
_0593_,8.8µm
_1484_,8.78µm
_0462_,8.76µm
net174,8.76µm
_1166_,8.74µm
net301,8.74µm
_0103_,8.73µm
_0388_,8.7µm
_0999_,8.7µm
_1234_,8.7µm
bit_count\[2\],8.7µm
_0044_,8.68µm
_0677_,8.68µm
_0244_,8.62µm
_1233_,8.62µm
_0113_,8.61µm
_0002_,8.6µm
_1004_,8.6µm
_1314_,8.6µm
net233,8.58µm
_0554_,8.56µm
_0580_,8.56µm
_1071_,8.56µm
net126,8.56µm
_0262_,8.52µm
_0697_,8.52µm
_0441_,8.5µm
my_divider.remainder_reg\[8\],8.5µm
net52,8.5µm
_0708_,8.48µm
_1232_,8.48µm
_1259_,8.48µm
net288,8.48µm
_0652_,8.44µm
_1280_,8.44µm
my_divider.divisor_reg\[2\],8.44µm
net295,8.44µm
_0066_,8.41µm
_1220_,8.4µm
_0463_,8.38µm
_1170_,8.38µm
_1430_,8.38µm
_0247_,8.36µm
_1352_,8.36µm
_1373_,8.36µm
net72,8.36µm
net198,8.36µm
net206,8.33µm
_0423_,8.28µm
_1332_,8.24µm
net236,8.22µm
_0169_,8.21µm
_1394_,8.2µm
my_sum_sub.result\[6\],8.14µm
_1217_,8.12µm
my_sum_sub.result\[3\],8.12µm
_0060_,8.11µm
_0588_,8.1µm
_0950_,8.1µm
net303,8.1µm
_1349_,8.08µm
_0355_,8.06µm
_0599_,8.04µm
_0684_,8.04µm
_1022_,8.04µm
_1080_,8.04µm
_1102_,8.04µm
_1288_,8.04µm
_1188_,8.02µm
_1282_,8.02µm
net142,8.02µm
_0766_,8µm
_1450_,8µm
_1291_,7.99µm
_0269_,7.98µm
_0902_,7.98µm
_1443_,7.92µm
_1407_,7.9µm
net122,7.9µm
net241,7.9µm
_1335_,7.88µm
_1376_,7.88µm
net87,7.86µm
_0167_,7.83µm
_0422_,7.83µm
_0014_,7.82µm
net306,7.8µm
_1214_,7.78µm
_1276_,7.78µm
_0934_,7.76µm
_0629_,7.74µm
_1124_,7.74µm
_1154_,7.74µm
_1212_,7.74µm
_0143_,7.71µm
_0756_,7.7µm
_0812_,7.7µm
_0897_,7.7µm
_0183_,7.69µm
_0318_,7.68µm
_0380_,7.66µm
_1458_,7.66µm
_0314_,7.64µm
_0385_,7.64µm
_0729_,7.64µm
_0768_,7.64µm
_1128_,7.64µm
_1293_,7.64µm
shift_in\[5\],7.64µm
_0280_,7.62µm
_0505_,7.6µm
_0683_,7.6µm
_0005_,7.58µm
_1289_,7.58µm
_0392_,7.56µm
_1239_,7.56µm
_1413_,7.56µm
_1433_,7.56µm
_1199_,7.54µm
_1263_,7.52µm
_1344_,7.52µm
net302,7.52µm
_1133_,7.5µm
_0957_,7.48µm
_0405_,7.46µm
_1016_,7.46µm
_1216_,7.46µm
_0724_,7.45µm
net131,7.44µm
_1331_,7.42µm
_0700_,7.41µm
_0698_,7.4µm
_1026_,7.38µm
_1264_,7.36µm
net260,7.36µm
_0400_,7.35µm
sclk,7.35µm
_1358_,7.28µm
_0145_,7.27µm
_0344_,7.26µm
_0421_,7.26µm
_0273_,7.24µm
_0417_,7.24µm
_0520_,7.24µm
my_sum_sub.al_ma\[3\],7.24µm
_0267_,7.22µm
_1077_,7.22µm
net59,7.22µm
net315,7.22µm
_1190_,7.2µm
_0246_,7.18µm
_0253_,7.18µm
_0261_,7.18µm
_0316_,7.18µm
_0324_,7.18µm
_0502_,7.18µm
_0984_,7.18µm
_1014_,7.18µm
_1179_,7.18µm
_1405_,7.18µm
rst,7.15µm
_0362_,7.14µm
shift_in\[4\],7.14µm
_1228_,7.12µm
_0587_,7.1µm
_0922_,7.1µm
_1283_,7.1µm
net93,7.1µm
net310,7.1µm
_0808_,7.09µm
_1203_,7.08µm
my_sum_sub.al_mb\[1\],7.075µm
_0227_,7.06µm
_1051_,7.06µm
_1081_,7.06µm
_1171_,7.06µm
_1066_,7.05µm
_1403_,7.04µm
_1459_,7.04µm
_1189_,7µm
_0821_,6.98µm
_1256_,6.98µm
_1286_,6.98µm
my_sum_sub.result\[12\],6.98µm
_0783_,6.96µm
_1023_,6.96µm
_0090_,6.94µm
_1158_,6.94µm
_1306_,6.94µm
_1342_,6.94µm
_0009_,6.9µm
_0266_,6.9µm
net270,6.88µm
_0982_,6.86µm
_1320_,6.86µm
_0061_,6.82µm
_0594_,6.82µm
_0042_,6.8µm
_0180_,6.8µm
_1144_,6.76µm
_1438_,6.76µm
_1490_,6.76µm
_0519_,6.74µm
_1210_,6.74µm
_1341_,6.74µm
_1483_,6.74µm
net283,6.74µm
_0595_,6.72µm
_0695_,6.72µm
_1001_,6.72µm
div_quotient\[1\],6.72µm
my_sum_sub.result\[7\],6.72µm
_1246_,6.695µm
_1369_,6.655µm
_0690_,6.64µm
_1024_,6.64µm
_1103_,6.64µm
_1360_,6.64µm
_1381_,6.64µm
sclk_s0,6.64µm
_0735_,6.62µm
_1167_,6.62µm
_1440_,6.62µm
_0548_,6.6µm
_0758_,6.6µm
_1240_,6.6µm
_0018_,6.55µm
_1145_,6.54µm
_0142_,6.52µm
_0874_,6.52µm
_1247_,6.52µm
_1253_,6.52µm
_1334_,6.52µm
shift_out\[5\],6.52µm
shift_out\[9\],6.52µm
_0620_,6.5µm
_0977_,6.5µm
_0533_,6.48µm
net175,6.48µm
_0257_,6.44µm
_0718_,6.44µm
_0106_,6.43µm
_1396_,6.38µm
net41,6.38µm
net293,6.38µm
_0013_,6.37µm
_0150_,6.37µm
_0041_,6.35µm
_0232_,6.32µm
_0275_,6.32µm
_0449_,6.3µm
_0576_,6.3µm
_1018_,6.3µm
_1118_,6.3µm
shift_out\[13\],6.3µm
net73,6.3µm
_0278_,6.26µm
_0431_,6.26µm
_0479_,6.26µm
_1273_,6.26µm
_1377_,6.26µm
_0694_,6.2µm
_0771_,6.2µm
_0976_,6.2µm
_0047_,6.19µm
_0562_,6.18µm
_1266_,6.18µm
_1419_,6.18µm
net141,6.18µm
_0393_,6.16µm
_0225_,6.14µm
_0413_,6.14µm
_0689_,6.14µm
_1311_,6.14µm
net31,6.14µm
net63,6.14µm
net298,6.14µm
_0550_,6.1µm
_0429_,6.06µm
_0711_,6.06µm
_0722_,6.06µm
_1202_,6.06µm
shift_in\[15\],6.06µm
net243,6.04µm
_1295_,6µm
_0773_,5.96µm
_1255_,5.96µm
net71,5.96µm
net118,5.96µm
net132,5.96µm
net242,5.96µm
_0043_,5.95µm
_0108_,5.95µm
_0293_,5.94µm
bit_count\[1\],5.94µm
_0557_,5.92µm
_1304_,5.92µm
net245,5.92µm
_0195_,5.89µm
_0371_,5.86µm
_1347_,5.86µm
_0306_,5.84µm
_1390_,5.84µm
_1402_,5.84µm
shift_in\[11\],5.84µm
net149,5.84µm
net215,5.84µm
net246,5.84µm
_0123_,5.8µm
_0283_,5.8µm
_0320_,5.8µm
_0353_,5.8µm
_0357_,5.8µm
_0492_,5.8µm
_0915_,5.8µm
_1129_,5.8µm
_1281_,5.8µm
net186,5.8µm
_1363_,5.74µm
_0146_,5.72µm
_0230_,5.72µm
_0657_,5.72µm
_0875_,5.72µm
_1115_,5.72µm
_1389_,5.72µm
_1409_,5.72µm
_1192_,5.7µm
_0406_,5.68µm
_0464_,5.68µm
_0585_,5.68µm
_0859_,5.68µm
_0906_,5.68µm
_0946_,5.68µm
_1106_,5.68µm
net268,5.68µm
_0627_,5.6µm
_1225_,5.6µm
_1333_,5.6µm
net251,5.58µm
_0518_,5.57µm
_0189_,5.53µm
net84,5.52µm
_1224_,5.51µm
_0062_,5.49µm
_0076_,5.48µm
_0997_,5.48µm
_1175_,5.48µm
_1356_,5.48µm
net222,5.48µm
_0296_,5.46µm
_0645_,5.46µm
_0959_,5.46µm
_1012_,5.46µm
net227,5.46µm
_0144_,5.44µm
_0841_,5.44µm
_1472_,5.44µm
_0137_,5.43µm
_0202_,5.38µm
_0250_,5.38µm
_0317_,5.38µm
_0945_,5.38µm
_0998_,5.38µm
_1366_,5.38µm
net61,5.38µm
_1219_,5.36µm
_1359_,5.36µm
_1397_,5.36µm
net25,5.36µm
_0342_,5.34µm
_0467_,5.34µm
_0565_,5.34µm
_0696_,5.34µm
_1245_,5.34µm
_1265_,5.34µm
my_sum_sub.al_exp\[7\],5.34µm
net58,5.34µm
net177,5.34µm
_0381_,5.295µm
_0215_,5.26µm
_1270_,5.26µm
_1278_,5.26µm
_1445_,5.26µm
_0010_,5.225µm
_0354_,5.225µm
_0914_,5.22µm
_0688_,5.16µm
_1197_,5.16µm
_1452_,5.16µm
_1185_,5.145µm
_0636_,5.14µm
_0794_,5.14µm
net144,5.14µm
net166,5.14µm
_1007_,5.12µm
_0171_,5.1µm
_0201_,5.1µm
_0187_,5.07µm
_1279_,5.06µm
_0209_,5.04µm
net45,5.04µm
_0512_,5.02µm
_0670_,5µm
net183,5µm
net267,5µm
_0131_,4.99µm
_0036_,4.97µm
_0037_,4.97µm
_0295_,4.94µm
_0712_,4.94µm
_0856_,4.94µm
_1054_,4.94µm
_1315_,4.94µm
_1415_,4.94µm
net286,4.94µm
_0063_,4.92µm
_0310_,4.92µm
_0323_,4.92µm
_0337_,4.92µm
_0621_,4.92µm
_0988_,4.92µm
_1030_,4.92µm
_1169_,4.92µm
_1345_,4.92µm
my_sum_sub.result\[9\],4.92µm
_1174_,4.9µm
_1177_,4.9µm
net23,4.9µm
_0003_,4.88µm
_0011_,4.88µm
_0234_,4.88µm
_0235_,4.88µm
_0290_,4.88µm
_0352_,4.88µm
_0484_,4.88µm
_0489_,4.88µm
_0640_,4.88µm
_0911_,4.88µm
_1193_,4.88µm
shift_in\[10\],4.88µm
net120,4.88µm
_0038_,4.87µm
_0064_,4.87µm
_0125_,4.87µm
_0132_,4.87µm
_0163_,4.87µm
_0937_,4.815µm
_0567_,4.8µm
_0584_,4.8µm
_0978_,4.8µm
_1191_,4.8µm
net264,4.8µm
_0165_,4.78µm
_0833_,4.78µm
_0149_,4.76µm
_0427_,4.76µm
_0615_,4.76µm
_0634_,4.76µm
_0851_,4.76µm
_1378_,4.76µm
net266,4.76µm
_0112_,4.68µm
_0563_,4.68µm
_0975_,4.68µm
_1441_,4.68µm
_0777_,4.66µm
_0017_,4.61µm
_0082_,4.61µm
_0087_,4.61µm
_0104_,4.61µm
mosi,4.61µm
ss,4.61µm
_0687_,4.6µm
_1187_,4.6µm
bit_count\[3\],4.6µm
_0701_,4.58µm
net55,4.58µm
_0343_,4.57µm
_1361_,4.56µm
_0151_,4.54µm
_0193_,4.54µm
_0377_,4.54µm
_0990_,4.54µm
_1303_,4.54µm
net162,4.54µm
_1416_,4.49µm
_0551_,4.48µm
_0591_,4.48µm
_0226_,4.46µm
_0245_,4.46µm
_0265_,4.46µm
_0297_,4.46µm
_0455_,4.46µm
_0530_,4.46µm
_0664_,4.46µm
_0891_,4.46µm
_1257_,4.46µm
my_sum_sub.al_exp\[3\],4.46µm
my_sum_sub.result\[11\],4.46µm
net21,4.46µm
net296,4.46µm
net313,4.46µm
_0124_,4.42µm
_0152_,4.42µm
_0172_,4.42µm
_0185_,4.42µm
_0254_,4.42µm
_0474_,4.42µm
_1039_,4.42µm
my_divider.counter\[3\],4.42µm
my_sum_sub.al_mb\[4\],4.42µm
net67,4.42µm
net316,4.42µm
_0277_,4.34µm
_0326_,4.34µm
_0375_,4.34µm
_0899_,4.34µm
_1482_,4.34µm
my_sum_sub.al_mb\[3\],4.34µm
net210,4.34µm
net256,4.34µm
_0045_,4.27µm
_1323_,4.25µm
_0333_,4.24µm
_0719_,4.24µm
_1421_,4.24µm
net311,4.24µm
_0214_,4.22µm
_0745_,4.22µm
_1050_,4.22µm
_0101_,4.15µm
_1310_,4.14µm
my_divider.remainder_reg\[1\],4.14µm
net181,4.14µm
net188,4.14µm
_0015_,4.12µm
_0210_,4.12µm
_0219_,4.12µm
_0846_,4.12µm
_0889_,4.1µm
my_sum_sub.result\[10\],4.1µm
my_sum_sub.result\[5\],4.1µm
_0091_,4.08µm
_0100_,4.08µm
_0281_,4.08µm
net265,4.08µm
_0592_,4.02µm
_0692_,4.02µm
_0252_,4µm
_0299_,4µm
_0305_,4µm
_0307_,4µm
_0341_,4µm
_0387_,4µm
_0497_,4µm
_0678_,4µm
_1123_,4µm
_1351_,4µm
_1354_,4µm
_1418_,4µm
net57,4µm
net143,4µm
net226,4µm
_1262_,3.98µm
_1258_,3.9µm
_1302_,3.9µm
_0006_,3.88µm
_0186_,3.88µm
_0383_,3.88µm
_0710_,3.88µm
_0985_,3.88µm
_1013_,3.88µm
_1061_,3.88µm
_1111_,3.88µm
_1113_,3.88µm
_1330_,3.88µm
net269,3.88µm
_0208_,3.86µm
_0568_,3.86µm
_0672_,3.78µm
_1292_,3.78µm
_1404_,3.78µm
net136,3.78µm
_0120_,3.76µm
_0153_,3.76µm
_1156_,3.76µm
_1305_,3.76µm
_0074_,3.69µm
_0096_,3.69µm
_0194_,3.69µm
_0237_,3.68µm
_0004_,3.66µm
_0286_,3.66µm
_0358_,3.66µm
net50,3.66µm
_1319_,3.64µm
net253,3.64µm
_0119_,3.61µm
_1267_,3.6µm
_0081_,3.59µm
_0114_,3.59µm
_0507_,3.57µm
_0319_,3.565µm
_0334_,3.56µm
_0586_,3.56µm
_1114_,3.56µm
_1493_,3.56µm
_0023_,3.54µm
_0211_,3.54µm
_0213_,3.54µm
_0241_,3.54µm
_0264_,3.54µm
_0335_,3.54µm
_0578_,3.54µm
_0663_,3.54µm
_0940_,3.54µm
_1028_,3.54µm
_1204_,3.54µm
_1392_,3.54µm
net60,3.54µm
net111,3.54µm
net151,3.54µm
net153,3.54µm
net195,3.54µm
_0157_,3.45µm
_0738_,3.44µm
_0472_,3.42µm
_0610_,3.42µm
_0732_,3.42µm
_1006_,3.42µm
_1143_,3.42µm
net76,3.42µm
_0033_,3.4µm
_0420_,3.3µm
_1003_,3.3µm
shift_out\[10\],3.3µm
net47,3.3µm
_0168_,3.23µm
_0311_,3.22µm
_0312_,3.22µm
_1011_,3.22µm
div_quotient\[6\],3.22µm
mosi_s1,3.22µm
my_sum_sub.result\[0\],3.22µm
my_sum_sub.result\[1\],3.22µm
my_sum_sub.result\[2\],3.22µm
sclk_s1,3.22µm
net314,3.22µm
_0084_,3.2µm
_0328_,3.2µm
_0487_,3.2µm
net109,3.2µm
net244,3.2µm
net277,3.2µm
_0111_,3.18µm
_0932_,3.18µm
_0069_,3.15µm
_0162_,3.15µm
_0032_,3.13µm
_0175_,3.13µm
net147,3.105µm
_0376_,3.1µm
_0644_,3.1µm
_0981_,3.1µm
_1000_,3.1µm
_1029_,3.1µm
_1327_,3.1µm
_1343_,3.1µm
_0218_,3.08µm
_0229_,3.08µm
_0271_,3.08µm
_0304_,3.08µm
_0943_,3.08µm
_1101_,3.08µm
_1229_,3.08µm
_1251_,3.08µm
bit_count\[4\],3.08µm
net43,3.08µm
net80,3.08µm
net128,3.08µm
net164,3.08µm
net208,3.08µm
_0437_,3.06µm
_0035_,3.03µm
_1208_,2.98µm
_1008_,2.96µm
_1104_,2.96µm
_1151_,2.96µm
_1322_,2.96µm
_1372_,2.96µm
net3,2.96µm
net38,2.96µm
net54,2.96µm
net160,2.96µm
net289,2.96µm
net145,2.925µm
net172,2.925µm
_0884_,2.86µm
my_sum_sub.state\[0\],2.85µm
_0050_,2.84µm
_0079_,2.84µm
_0102_,2.84µm
_0109_,2.84µm
_0121_,2.84µm
_0133_,2.84µm
_0134_,2.84µm
_0135_,2.84µm
_0164_,2.84µm
_0179_,2.84µm
_0182_,2.84µm
_0327_,2.84µm
_0349_,2.84µm
_0892_,2.84µm
net139,2.84µm
_0026_,2.77µm
_0107_,2.77µm
_0161_,2.77µm
_0834_,2.76µm
_0848_,2.76µm
_1027_,2.76µm
_1227_,2.76µm
net70,2.76µm
net140,2.76µm
net307,2.76µm
_0030_,2.74µm
_0031_,2.74µm
_0196_,2.74µm
_0212_,2.74µm
_0217_,2.74µm
_0339_,2.74µm
_1020_,2.74µm
net36,2.74µm
net75,2.74µm
net199,2.74µm
net212,2.74µm
net287,2.74µm
_0025_,2.69µm
_0086_,2.69µm
_0093_,2.69µm
_0147_,2.69µm
_0156_,2.69µm
_0094_,2.67µm
_0192_,2.67µm
_0301_,2.64µm
_0338_,2.64µm
_0577_,2.64µm
_0598_,2.64µm
_0858_,2.64µm
_0949_,2.64µm
_1031_,2.64µm
_1401_,2.64µm
_1424_,2.64µm
_0115_,2.62µm
_0228_,2.62µm
_0268_,2.62µm
_0276_,2.62µm
_0284_,2.62µm
_0287_,2.62µm
_0336_,2.62µm
_0356_,2.62µm
_0434_,2.62µm
_0686_,2.62µm
_0878_,2.62µm
_1010_,2.62µm
_1236_,2.62µm
_1348_,2.62µm
div_quotient\[2\],2.62µm
div_quotient\[3\],2.62µm
mosi_s0,2.62µm
shift_in\[0\],2.62µm
shift_in\[14\],2.62µm
shift_in\[7\],2.62µm
shift_in\[9\],2.62µm
net27,2.62µm
net189,2.62µm
_0419_,2.52µm
_0778_,2.52µm
_0965_,2.52µm
_0968_,2.52µm
_0016_,2.5µm
_0088_,2.5µm
_0158_,2.5µm
_0159_,2.5µm
_0378_,2.5µm
_0596_,2.5µm
_0691_,2.5µm
_0825_,2.5µm
_0898_,2.5µm
_0927_,2.5µm
_1078_,2.5µm
_1184_,2.5µm
_1339_,2.5µm
net185,2.5µm
net205,2.5µm
net261,2.5µm
net271,2.5µm
_0602_,2.4µm
_1015_,2.4µm
_0034_,2.38µm
_0053_,2.38µm
_0054_,2.38µm
_0056_,2.38µm
_0057_,2.38µm
_0065_,2.38µm
_0077_,2.38µm
_0078_,2.38µm
_0095_,2.38µm
_0117_,2.38µm
_0127_,2.38µm
_0141_,2.38µm
_0148_,2.38µm
_0184_,2.38µm
_0188_,2.38µm
_0191_,2.38µm
net39,2.38µm
net32,2.305µm
net240,2.305µm
_0370_,2.3µm
_0410_,2.3µm
_1148_,2.3µm
_1296_,2.3µm
_1456_,2.3µm
net86,2.3µm
net192,2.3µm
net312,2.3µm
_0221_,2.28µm
_0279_,2.28µm
_0302_,2.28µm
_1241_,2.28µm
net230,2.28µm
net234,2.28µm
net248,2.28µm
net290,2.28µm
_0021_,2.23µm
_0022_,2.23µm
_0024_,2.23µm
_0028_,2.23µm
_0048_,2.23µm
_0058_,2.23µm
_0083_,2.23µm
_0116_,2.23µm
_0129_,2.23µm
_0130_,2.23µm
_0139_,2.23µm
_0029_,2.21µm
_0099_,2.21µm
_0181_,2.21µm
_0285_,2.18µm
_0303_,2.18µm
_0579_,2.18µm
_1048_,2.18µm
_1309_,2.18µm
_1436_,2.18µm
net300,2.18µm
_0027_,2.16µm
_0040_,2.16µm
_0080_,2.16µm
_0160_,2.16µm
_0198_,2.16µm
_0238_,2.16µm
_0308_,2.16µm
_0322_,2.16µm
_0440_,2.16µm
_0581_,2.16µm
_0589_,2.16µm
_0609_,2.16µm
_0617_,2.16µm
_0669_,2.16µm
_0944_,2.16µm
_1198_,2.16µm
_1230_,2.16µm
_1350_,2.16µm
_1387_,2.16µm
_1466_,2.16µm
_1491_,2.16µm
shift_in\[6\],2.16µm
shift_out\[7\],2.16µm
shift_out\[8\],2.16µm
net28,2.16µm
net29,2.16µm
net62,2.16µm
net201,2.16µm
_1285_,2.06µm
state\[1\],2.06µm
_0055_,2.04µm
_0176_,2.04µm
_0363_,2.04µm
_0447_,2.04µm
_0468_,2.04µm
_0483_,2.04µm
_0631_,2.04µm
_0764_,2.04µm
_0767_,2.04µm
_0863_,2.04µm
_1215_,2.04µm
_1329_,2.04µm
_1365_,2.04µm
_1368_,2.04µm
_1417_,2.04µm
_1460_,2.04µm
shift_in\[13\],2.04µm
net9,2.04µm
_0488_,1.94µm
_1019_,1.94µm
net6,1.94µm
net299,1.85µm
_0350_,1.84µm
_0478_,1.84µm
_0655_,1.84µm
shift_in\[12\],1.84µm
net65,1.84µm
net69,1.84µm
net82,1.84µm
net94,1.84µm
net107,1.84µm
net114,1.84µm
net116,1.84µm
net255,1.84µm
net294,1.84µm
_0019_,1.82µm
_0046_,1.82µm
_0070_,1.82µm
_0118_,1.82µm
_0128_,1.82µm
_0154_,1.82µm
_0174_,1.82µm
_0204_,1.82µm
_0205_,1.82µm
_0206_,1.82µm
_0346_,1.82µm
_0873_,1.82µm
net135,1.82µm
net137,1.82µm
net184,1.82µm
net203,1.82µm
net250,1.82µm
net259,1.82µm
_0052_,1.75µm
_0097_,1.75µm
_1384_,1.72µm
_0068_,1.7µm
_0072_,1.7µm
_0075_,1.7µm
_0173_,1.7µm
_0177_,1.7µm
_0233_,1.7µm
_0243_,1.7µm
_0345_,1.7µm
_0503_,1.7µm
_0508_,1.7µm
_0566_,1.7µm
_0570_,1.7µm
_0792_,1.7µm
_0895_,1.7µm
_1038_,1.7µm
_1149_,1.7µm
_1172_,1.7µm
_1271_,1.7µm
_1395_,1.7µm
_1414_,1.7µm
shift_out\[14\],1.7µm
shift_out\[1\],1.7µm
shift_out\[2\],1.7µm
net155,1.7µm
net197,1.7µm
net238,1.7µm
net263,1.7µm
net272,1.7µm
net304,1.7µm
net102,1.545µm
_0394_,1.48µm
_0573_,1.48µm
_0647_,1.48µm
net74,1.48µm
_0473_,1.38µm
_0582_,1.38µm
_0817_,1.38µm
_0901_,1.38µm
_1108_,1.38µm
_1301_,1.38µm
net204,1.38µm
_0012_,1.36µm
_0020_,1.36µm
_0039_,1.36µm
_0049_,1.36µm
_0059_,1.36µm
_0085_,1.36µm
_0092_,1.36µm
_0098_,1.36µm
_0105_,1.36µm
_0136_,1.36µm
_0140_,1.36µm
_0178_,1.36µm
_0190_,1.36µm
_0220_,1.36µm
_0321_,1.36µm
_1046_,1.36µm
net90,1.36µm
net99,1.36µm
net130,1.36µm
net228,1.36µm
net275,1.36µm
_0251_,1.26µm
_0255_,1.26µm
_0260_,1.26µm
_0574_,1.26µm
_0583_,1.26µm
_1021_,1.26µm
_1044_,1.26µm
_1453_,1.26µm
_1486_,1.26µm
_0270_,1.14µm
_0661_,1.14µm
_1139_,1.14µm
_0547_,1.095µm
_0597_,1.085µm
_1400_,0.98µm
_0008_,0.92µm
_0294_,0.92µm
_0315_,0.92µm
_0395_,0.92µm
_0653_,0.92µm
_0693_,0.92µm
_0809_,0.92µm
_0963_,0.92µm
_1275_,0.92µm
_1398_,0.92µm
_1439_,0.92µm
_0197_,0.8µm
_0207_,0.8µm
_0222_,0.8µm
_0240_,0.8µm
_0249_,0.8µm
_0259_,0.8µm
_0325_,0.8µm
_0389_,0.8µm
_0860_,0.8µm
_1009_,0.8µm
_0223_,0.46µm
_0224_,0.46µm
_0309_,0.46µm
_0313_,0.46µm
_0590_,0.46µm
_1186_,0.46µm
_1313_,0.46µm
my_divider.counter\[2\],0.46µm
my_divider.state,0.46µm
shift_out\[4\],0.46µm
net40,0.46µm
